slot,mean_calls,multiplier,Monday,Tuesday,Wednesday,Thursday,Friday,Saturday,Sunday
00:00,2.881542699724518,0.11521277694275847,0.09544334975369458,0.11745661258141023,0.09314644603826033,0.11657782720404955,0.35397221232632703,0.049943246311010214,0.079055103289257
00:30,1.7520661157024793,0.07005289305506156,0.06834975369458128,0.040959229002748176,0.065454259378237,0.05092610346282165,0.17271107944424655,0.02724177071509648,0.09204272740106349
01:00,1.0716253443526171,0.042846816664180734,0.04002463054187192,0.03192410495802432,0.04216764786867191,0.02945124055681252,0.09576059850374065,0.03178206583427923,0.052515175756435
01:30,0.696969696969697,0.02786695274045688,0.02894088669950739,0.01927493129541091,0.022027875752291298,0.017793457836407563,0.07353045956537228,0.018161180476730987,0.03557479648016564
02:00,0.5206611570247934,0.020817605011645653,0.013546798029556651,0.01927493129541091,0.01636356484455925,0.01840702534800782,0.0684004275026719,0.018161180476730987,0.01976377582231425
02:30,0.3939393939393939,0.01575088633156258,0.016009852216748766,0.01385385686857659,0.012587357572737884,0.012884917743605477,0.037620235126469545,0.02724177071509648,0.014116982730224463
03:00,0.30578512396694213,0.01222621246715697,0.009852216748768473,0.0054210744268343184,0.01510482908728546,0.006749242627602868,0.03933024581403634,0.0,0.015811020657851397
03:30,0.18732782369146006,0.007489931961861928,0.007389162561576354,0.006023416029815909,0.005034943029095153,0.004294972581201826,0.030780192376202352,0.004540295119182747,0.006776151710507742
04:00,0.20385674931129477,0.00815080831143798,0.008620689655172414,0.009035124044723864,0.009440518179553412,0.00736281013920313,0.018810117563234773,0.004540295119182747,0.003388075855253871
04:30,0.21763085399449036,0.008701538602751357,0.005541871921182266,0.0054210744268343184,0.011328621815464094,0.008589945162403651,0.03420021375133595,0.004540295119182747,0.004517434473671828
05:00,0.30303030303030304,0.012116066408894295,0.011699507389162561,0.01385385686857659,0.010069886058190307,0.010430647697204433,0.030780192376202352,0.0,0.009599548256552634
05:30,0.6363636363636364,0.02544373945867802,0.03633004926108375,0.02710537213417159,0.022027875752291298,0.02392913295241017,0.04617028856430353,0.009080590238365494,0.013552303421015485
06:00,1.2148760330578512,0.04857441169383985,0.05295566502463054,0.04758498663554568,0.049720062412314636,0.03681405069601564,0.08550053437833986,0.009080590238365494,0.04799774128276317
06:30,3.581267217630854,0.14318987574147804,0.1687192118226601,0.12167300380228137,0.1416077726933012,0.1313034474824558,0.23256145350908441,0.009080590238365494,0.1394757893746177
07:00,13.694214876033058,0.5475360556237594,0.6219211822660099,0.49331777284192296,0.48838947382222986,0.5166238447674196,1.0602066262914143,0.02724177071509648,0.5070820196696627
07:30,18.87052341597796,0.7545004990993265,0.8602216748768472,0.678838986560253,0.7225143246751545,0.6724699927138857,1.4877092981831137,0.004540295119182747,0.683826643452073
08:00,29.647382920110193,1.1853918790229128,1.1169950738916257,1.1311975303994277,1.1372677566968676,1.1062622234152701,2.547915924474528,0.036322360953461974,1.1079008046680159
08:30,42.112947658402206,1.6838027926615189,1.623768472906404,1.5462108948537439,1.6023706190095324,1.527169536373049,3.813323833273958,0.02724177071509648,1.5878782174956476
09:00,44.78512396694215,1.7906444691763141,1.7241379310344827,1.7058314196438655,1.7792229929064998,1.6554051462975037,3.656002850017813,0.09988649262202043,1.6601571690743968
09:30,52.666666666666664,2.105772341865828,2.168103448275862,1.9552008432782442,2.085725149802667,2.032749165931664,3.6423227645172784,0.09988649262202043,2.017034492494471
10:00,56.04132231404959,2.2407012632376055,2.230911330049261,2.2575763279750025,2.1499206734236305,2.216205851900142,3.6594228713929464,0.09080590238365494,2.1367465060467747
10:30,53.5564738292011,2.1413495186846725,2.1083743842364533,2.0190490531942924,2.0586623310212806,2.1143536449744986,3.661132882080513,0.10442678774120316,2.1367465060467747
11:00,49.44903581267218,1.9771217458150236,1.9217980295566501,1.843165305123668,1.896914786211599,1.919852743797216,3.690203063769149,0.14982973893303064,1.939673427132841
11:30,46.76308539944903,1.869729339008915,1.796182266009852,1.7937732936791777,1.8390129413770047,1.840088967289182,3.3020306376914856,0.08626560726447217,1.812055903251612
12:00,44.78236914600551,1.7905343231180513,1.6754926108374384,1.6847494635395097,1.7276148268582745,1.7100126548299268,3.604702529390809,0.13166855845629966,1.733000799962355
12:30,41.85123966942149,1.6733389171265647,1.5726600985221675,1.5793396830177313,1.6288040699122819,1.6768800092035125,2.9104381902386893,0.1271282633371169,1.6742741518046211
13:00,42.887052341597794,1.7147538350333307,1.5806650246305418,1.6178895456085531,1.9938374395216805,1.6836292518311156,2.3102244389027433,0.049943246311010214,1.7171897793045037
13:30,43.9366391184573,1.75671948323141,1.7179802955665024,1.762451530324135,1.8893623716679564,1.7143076274111286,1.9271820448877808,0.11804767309875142,1.8544068514422853
14:00,44.603305785123965,1.7833748293309775,1.8768472906403941,1.8317208146670179,1.8761456462165815,1.8946964758216054,1.3132882080513004,0.09534619750283768,1.8318196790739263
14:30,43.77134986225895,1.7501107197356494,1.8651477832512315,1.772691337574822,1.8761456462165815,1.8756758829619973,1.0875667972924832,0.11804767309875142,1.8165733377252837
15:00,43.21212121212121,1.7277510699083263,1.9230295566502462,1.7738960207807852,1.861670185007933,1.8364075622195803,0.7130744567153545,0.0771850170261067,1.8256082066726274
15:30,43.06887052341598,1.7220234748786674,1.7179802955665024,1.8774987764936188,1.8534884025856533,1.900832150937608,0.531813323833274,0.09534619750283768,1.892805044468496
16:00,41.60055096418733,1.6633156258246613,1.5123152709359606,1.887738583744306,1.462650949952142,1.9916401426544463,0.40185251157819735,0.09534619750283768,2.0808432544350857
16:30,40.37741046831956,1.6144107759560336,1.3651477832512315,1.785942852840417,1.4506929602580412,1.9799823599340414,0.34029212682579263,0.13166855845629966,2.097783633711355
17:00,33.3168044077135,1.3321064286287962,1.1151477832512315,1.544403870044799,1.194540233652825,1.6314760133450934,0.2565016031350196,0.14982973893303064,1.682179662133547
17:30,32.388429752066116,1.2949872069942747,1.2358374384236452,1.493204833791364,1.2813930009047165,1.5044675384438393,0.15903099394371215,0.2633371169125993,1.4862359418380313
18:00,29.790633608815426,1.1911194740525717,1.2395320197044335,1.3980348605202724,1.3097145554433767,1.3001495570809525,0.13167082294264337,0.6674233825198638,1.1609806597336598
18:30,27.272727272727273,1.0904459768004866,1.291871921182266,1.1727591010051577,1.1913933942596406,1.0878551980672624,0.10431065194157463,1.5800227014755959,1.0051291703919818
19:00,25.68044077134986,1.0267815551246602,1.1280788177339902,1.040846289952189,1.1215335597309453,0.9620738581892089,0.07695048094050588,3.0374574347332572,0.9588254670368455
19:30,24.00275482093664,0.9597026056426908,1.060960591133005,0.9384482174453187,1.0264990100567744,0.8982628369827818,0.049590309939437124,3.8864926220204308,0.8199143569714368
20:00,21.12121212121212,0.8444898286999323,0.9057881773399015,0.8486993186010616,0.8370592785870692,0.8135905203819458,0.037620235126469545,3.359818388195232,0.7730459743070915
20:30,25.068870523415978,1.002329130190346,1.1576354679802954,0.9673606143884349,1.0113941809694889,1.020976339302834,0.05130032062700392,3.863791146424518,0.8255611500635266
21:00,23.865013774104682,0.954195302729557,0.9981527093596059,0.9330271430184842,0.9723733724940014,0.8651301913563677,0.030780192376202352,4.994324631101021,0.8018446190767494
21:30,26.22038567493113,1.0483701825441445,1.0258620689655171,0.95410909912284,1.0327926888431433,0.8810829466579745,0.027360171001068755,6.419977298524404,0.994400263517011
22:00,23.988980716253444,0.9591518753513775,0.9408866995073891,0.943869291872153,0.886149973120747,0.788434252406335,0.018810117563234773,5.679909194097616,0.9362382946684863
22:30,21.96969696969697,0.8784148146448363,0.8897783251231527,0.8908632308097729,0.9012548022080324,0.6902634505502934,0.030780192376202352,4.66288308740068,0.8182203190438099
23:00,19.584022038567493,0.7830283281893594,0.8411330049261084,0.8011143319655158,0.8125139313202303,0.715419718525904,0.027360171001068755,4.04994324631101,0.5917839160510094
23:30,14.59504132231405,0.5835538166756543,0.6262315270935961,0.596318186951775,0.5248928107831697,0.5000575219542125,0.017100106875667976,3.40522133938706,0.498047150722319
