date,weekday,calls
1999-01-01,Friday,587
1999-01-02,Saturday,238
1999-01-03,Sunday,2057
1999-01-04,Monday,1745
1999-01-05,Tuesday,1583
1999-01-06,Wednesday,1375
1999-01-07,Thursday,1602
1999-01-08,Friday,429
1999-01-09,Saturday,194
1999-01-10,Sunday,1901
1999-01-13,Wednesday,1692
1999-01-14,Thursday,1632
1999-01-15,Friday,494
1999-01-16,Saturday,206
1999-01-17,Sunday,1574
1999-01-18,Monday,1525
1999-01-19,Tuesday,1436
1999-01-20,Wednesday,1283
1999-01-21,Thursday,1396
1999-01-22,Friday,377
1999-01-23,Saturday,193
1999-01-24,Sunday,1150
1999-01-25,Monday,1079
1999-01-26,Tuesday,1166
1999-01-27,Wednesday,997
1999-01-28,Thursday,1179
1999-01-29,Friday,371
1999-01-30,Saturday,159
1999-01-31,Sunday,1218
1999-02-01,Monday,1537
1999-02-02,Tuesday,1811
1999-02-03,Wednesday,1919
1999-02-04,Thursday,1354
1999-02-05,Friday,512
1999-02-06,Saturday,207
1999-02-07,Sunday,1516
1999-02-08,Monday,1168
1999-02-09,Tuesday,1410
1999-02-10,Wednesday,1634
1999-02-11,Thursday,1693
1999-02-12,Friday,530
1999-02-13,Saturday,238
1999-02-14,Sunday,1564
1999-02-15,Monday,1469
1999-02-16,Tuesday,1678
1999-02-17,Wednesday,1431
1999-02-18,Thursday,1358
1999-02-19,Friday,454
1999-02-20,Saturday,214
1999-02-21,Sunday,1638
1999-02-22,Monday,1470
1999-02-23,Tuesday,1364
1999-02-24,Wednesday,1206
1999-02-25,Thursday,1305
1999-02-26,Friday,418
1999-02-27,Saturday,193
1999-02-28,Sunday,1341
1999-03-01,Monday,1700
1999-03-02,Tuesday,834
1999-03-03,Wednesday,1790
1999-03-04,Thursday,2047
1999-03-05,Friday,574
1999-03-06,Saturday,184
1999-03-07,Sunday,1974
1999-03-08,Monday,485
1999-03-09,Tuesday,1821
1999-03-10,Wednesday,2006
1999-03-11,Thursday,2212
1999-03-12,Friday,448
1999-03-13,Saturday,269
1999-03-14,Sunday,1937
1999-03-15,Monday,1676
1999-03-16,Tuesday,1295
1999-03-17,Wednesday,1141
1999-03-18,Thursday,1676
1999-03-19,Friday,515
1999-03-20,Saturday,211
1999-03-21,Sunday,1772
1999-03-22,Monday,1308
1999-03-23,Tuesday,1730
1999-03-24,Wednesday,1450
1999-03-25,Thursday,1343
1999-03-26,Friday,459
1999-03-27,Saturday,237
1999-03-28,Sunday,1466
1999-03-29,Monday,1311
1999-03-30,Tuesday,1447
1999-03-31,Wednesday,564
1999-04-01,Thursday,120
1999-04-02,Friday,810
1999-04-03,Saturday,183
1999-04-04,Sunday,1542
1999-04-05,Monday,1296
1999-04-06,Tuesday,89
1999-04-07,Wednesday,183
1999-04-08,Thursday,1736
1999-04-09,Friday,714
1999-04-10,Saturday,333
1999-04-11,Sunday,1978
1999-04-12,Monday,1826
1999-04-13,Tuesday,1754
1999-04-14,Wednesday,1522
1999-04-15,Thursday,1524
1999-04-16,Friday,594
1999-04-17,Saturday,203
1999-04-18,Sunday,1590
1999-04-19,Monday,1367
1999-04-20,Tuesday,812
1999-04-21,Wednesday,487
1999-04-22,Thursday,1839
1999-04-23,Friday,498
1999-04-24,Saturday,180
1999-04-25,Sunday,1648
1999-04-26,Monday,1401
1999-04-27,Tuesday,1521
1999-04-28,Wednesday,1456
1999-04-29,Thursday,1492
1999-04-30,Friday,572
1999-05-01,Saturday,119
1999-05-02,Sunday,1979
1999-05-03,Monday,1808
1999-05-04,Tuesday,1630
1999-05-05,Wednesday,1414
1999-05-06,Thursday,1670
1999-05-07,Friday,572
1999-05-08,Saturday,253
1999-05-09,Sunday,1817
1999-05-10,Monday,1912
1999-05-11,Tuesday,1887
1999-05-12,Wednesday,1563
1999-05-13,Thursday,1676
1999-05-14,Friday,502
1999-05-15,Saturday,199
1999-05-16,Sunday,1770
1999-05-17,Monday,929
1999-05-18,Tuesday,1824
1999-05-19,Wednesday,1485
1999-05-20,Thursday,529
1999-05-21,Friday,14
1999-05-22,Saturday,209
1999-05-23,Sunday,2951
1999-05-24,Monday,1574
1999-05-25,Tuesday,1741
1999-05-26,Wednesday,1443
1999-05-27,Thursday,1421
1999-05-28,Friday,501
1999-05-29,Saturday,167
1999-05-30,Sunday,1595
1999-05-31,Monday,1294
1999-06-01,Tuesday,1765
1999-06-02,Wednesday,1785
1999-06-03,Thursday,1750
1999-06-04,Friday,616
1999-06-05,Saturday,172
1999-06-06,Sunday,1608
1999-06-07,Monday,1490
1999-06-08,Tuesday,1762
1999-06-09,Wednesday,1746
1999-06-10,Thursday,1630
1999-06-11,Friday,714
1999-06-12,Saturday,219
1999-06-13,Sunday,1746
1999-06-14,Monday,1482
1999-06-15,Tuesday,1425
1999-06-16,Wednesday,1768
1999-06-17,Thursday,1516
1999-06-18,Friday,490
1999-06-19,Saturday,178
1999-06-20,Sunday,1619
1999-06-21,Monday,1575
1999-06-22,Tuesday,1414
1999-06-23,Wednesday,1289
1999-06-24,Thursday,1262
1999-06-25,Friday,434
1999-06-26,Saturday,146
1999-06-27,Sunday,1335
1999-06-28,Monday,1343
1999-06-29,Tuesday,1355
1999-06-30,Wednesday,1442
1999-07-01,Thursday,1925
1999-07-02,Friday,937
1999-07-03,Saturday,247
1999-07-04,Sunday,2533
1999-07-05,Monday,2074
1999-07-06,Tuesday,1748
1999-07-07,Wednesday,1491
1999-07-08,Thursday,1565
1999-07-09,Friday,604
1999-07-10,Saturday,179
1999-07-11,Sunday,1857
1999-07-12,Monday,1759
1999-07-13,Tuesday,1710
1999-07-14,Wednesday,1474
1999-07-15,Thursday,1252
1999-07-16,Friday,385
1999-07-17,Saturday,119
1999-07-18,Sunday,1381
1999-07-19,Monday,1464
1999-07-20,Tuesday,1639
1999-07-21,Wednesday,1666
1999-07-22,Thursday,902
1999-07-23,Friday,560
1999-07-24,Saturday,36
1999-07-25,Sunday,1617
1999-07-26,Monday,1590
1999-07-27,Tuesday,1531
1999-07-28,Wednesday,1613
1999-07-29,Thursday,1564
1999-07-30,Friday,584
1999-07-31,Saturday,226
1999-08-01,Sunday,2338
1999-08-02,Monday,2321
1999-08-03,Tuesday,2301
1999-08-04,Wednesday,1820
1999-08-05,Thursday,1871
1999-08-06,Friday,699
1999-08-07,Saturday,150
1999-08-08,Sunday,1921
1999-08-09,Monday,2057
1999-08-10,Tuesday,2112
1999-08-11,Wednesday,1782
1999-08-12,Thursday,1418
1999-08-13,Friday,595
1999-08-14,Saturday,233
1999-08-15,Sunday,1645
1999-08-16,Monday,1679
1999-08-17,Tuesday,1383
1999-08-18,Wednesday,1167
1999-08-19,Thursday,1415
1999-08-20,Friday,526
1999-08-21,Saturday,182
1999-08-22,Sunday,1555
1999-08-23,Monday,1537
1999-08-24,Tuesday,1351
1999-08-25,Wednesday,1241
1999-08-26,Thursday,1221
1999-08-27,Friday,458
1999-08-28,Saturday,162
1999-08-29,Sunday,1439
1999-08-30,Monday,1381
1999-08-31,Tuesday,1390
1999-09-01,Wednesday,1534
1999-09-02,Thursday,1749
1999-09-03,Friday,788
1999-09-04,Saturday,261
1999-09-05,Sunday,1792
1999-09-06,Monday,1507
1999-09-07,Tuesday,1479
1999-09-08,Wednesday,1471
1999-09-09,Thursday,1343
1999-09-10,Friday,485
1999-09-11,Saturday,29
1999-09-12,Sunday,203
1999-09-13,Monday,1813
1999-09-14,Tuesday,1689
1999-09-15,Wednesday,1569
1999-09-16,Thursday,1584
1999-09-17,Friday,590
1999-09-18,Saturday,162
1999-09-19,Sunday,332
1999-09-20,Monday,161
1999-09-21,Tuesday,1687
1999-09-22,Wednesday,1566
1999-09-23,Thursday,1365
1999-09-24,Friday,442
1999-09-25,Saturday,109
1999-09-26,Sunday,932
1999-09-27,Monday,994
1999-09-28,Tuesday,1079
1999-09-29,Wednesday,1108
1999-09-30,Thursday,1038
1999-10-01,Friday,509
1999-10-02,Saturday,230
1999-10-03,Sunday,1800
1999-10-04,Monday,1789
1999-10-05,Tuesday,1588
1999-10-06,Wednesday,1313
1999-10-07,Thursday,1591
1999-10-08,Friday,580
1999-10-09,Saturday,233
1999-10-10,Sunday,1724
1999-10-11,Monday,1583
1999-10-12,Tuesday,1471
1999-10-13,Wednesday,1422
1999-10-14,Thursday,1267
1999-10-15,Friday,603
1999-10-16,Saturday,254
1999-10-17,Sunday,1532
1999-10-18,Monday,1517
1999-10-19,Tuesday,1256
1999-10-20,Wednesday,1227
1999-10-21,Thursday,1388
1999-10-22,Friday,495
1999-10-23,Saturday,221
1999-10-24,Sunday,1153
1999-10-25,Monday,1344
1999-10-26,Tuesday,1353
1999-10-27,Wednesday,1180
1999-10-28,Thursday,1220
1999-10-29,Friday,522
1999-10-30,Saturday,208
1999-10-31,Sunday,1674
1999-11-01,Monday,1996
1999-11-02,Tuesday,2191
1999-11-03,Wednesday,1697
1999-11-04,Thursday,1502
1999-11-05,Friday,492
1999-11-06,Saturday,221
1999-11-07,Sunday,1384
1999-11-08,Monday,1548
1999-11-09,Tuesday,1871
1999-11-10,Wednesday,1864
1999-11-11,Thursday,1850
1999-11-12,Friday,580
1999-11-13,Saturday,272
1999-11-14,Sunday,1811
1999-11-15,Monday,1978
1999-11-16,Tuesday,1858
1999-11-17,Wednesday,1720
1999-11-18,Thursday,1731
1999-11-19,Friday,347
1999-11-20,Saturday,304
1999-11-21,Sunday,1543
1999-11-22,Monday,1791
1999-11-23,Tuesday,1721
1999-11-24,Wednesday,1641
1999-11-25,Thursday,1376
1999-11-26,Friday,424
1999-11-27,Saturday,228
1999-11-28,Sunday,1481
1999-11-29,Monday,1378
1999-11-30,Tuesday,1680
1999-12-01,Wednesday,1906
1999-12-02,Thursday,1819
1999-12-03,Friday,636
1999-12-04,Saturday,221
1999-12-05,Sunday,1525
1999-12-06,Monday,1559
1999-12-07,Tuesday,1575
1999-12-08,Wednesday,1467
1999-12-09,Thursday,1763
1999-12-10,Friday,582
1999-12-11,Saturday,315
1999-12-12,Sunday,2155
1999-12-13,Monday,1855
1999-12-14,Tuesday,2007
1999-12-15,Wednesday,1861
1999-12-16,Thursday,1810
1999-12-17,Friday,492
1999-12-18,Saturday,246
1999-12-19,Sunday,1584
1999-12-20,Monday,1648
1999-12-21,Tuesday,1716
1999-12-22,Wednesday,1602
1999-12-23,Thursday,1587
1999-12-24,Friday,484
1999-12-25,Saturday,220
1999-12-26,Sunday,1807
1999-12-27,Monday,1859
1999-12-28,Tuesday,1749
1999-12-29,Wednesday,1794
1999-12-30,Thursday,2153
1999-12-31,Friday,472
